Price,Close,Close,High,High,Low,Low,Open,Open,Volume,Volume
Ticker,AAPL,MSFT,AAPL,MSFT,AAPL,MSFT,AAPL,MSFT,AAPL,MSFT
Date,,,,,,,,,,
2026-07-07,310.3923034667969,388.109375,315.20815732134815,394.8267404517197,309.88273318392555,387.4905448392632,315.0183186077797,391.75251064257776,42490000,29297500
2026-07-08,313.1199645996094,382.6197204589844,314.5487250421545,384.58602015004215,306.7854009831778,380.6134873969759,311.6412289475945,383.3084264217563,41323500,25908300
2026-07-09,315.947509765625,383.6377868652344,316.2572401947346,383.92725049460796,307.8944576262147,372.64849496928053,310.24243869469103,373.74643420118315,48124500,31083200
2026-07-10,315.0483093261719,384.37640380859375,316.6369356310425,391.1736053926777,311.9010296470402,380.783162110783,314.4488202226986,387.07131223677504,34132300,24644600
2026-07-13,317.03656005859375,390.2553405761719,323.171283634363,392.91034623109437,315.5078797345754,383.4281962321871,316.7468014245228,387.02143811329415,43257800,28914900
2026-07-14,314.58868408203125,384.20672607421875,315.91755515351207,387.46061042423804,311.64124426456783,377.93852713765,313.48965629761443,382.1007052927433,36336800,27863900
2026-07-15,327.2178039550781,394.8866271972656,328.44675508114506,398.2103568181361,317.0465830462295,385.6739591427675,317.34631234952286,387.07132248997675,60957600,36253700
2026-07-16,332.97283935546875,400.3463439941406,334.3915986652446,405.2271399033625,326.50841333986017,391.31333055964967,327.72736328456057,397.56157784187184,62970600,37047400
2026-07-17,333.452392578125,393.08001708984375,334.7013154010385,397.64143734197864,328.71648699084636,388.6583483977542,331.693929977533,394.1180409920291,63407100,33049800
2026-07-20,326.3085632324219,401.53411865234375,333.4224228207836,402.4224305318551,323.4010672140761,388.91785418191677,333.2226134619852,390.67455694621333,53468000,27915800
2026-07-21,327.45758056640625,397.00262451171875,329.3159936819017,400.7156358198418,321.94234806189104,395.57531880381754,322.85156758462244,398.0606303262699,41338900,24126600
2026-07-22,325.60919189453125,389.6065673828125,328.7164973399543,400.246541441447,323.0613709608057,386.2329133568751,327.58746619388995,398.8291961465565,38755900,28142500
2026-07-23,321.3828430175781,380.8630065917969,323.0214140443725,391.04385321150613,319.0748358849152,376.68090752842744,321.4527900194849,389.23725659651495,40840800,30351800
2026-07-24,332.7330322265625,380.9828186035156,334.0818750563203,388.29903252889795,321.3428614810286,379.9347732203772,321.5127284115298,386.32274187573427,47489400,27659400
2026-07-27,336.61968994140625,388.368896484375,339.277401491225,393.45931979821836,333.73216560461384,387.2609663085435,334.2517370375488,389.3470355932277,49604300,27856200
2026-07-28,339.78692626953125,392.61090087890625,342.59453283396704,399.56780545733704,335.31080637618777,390.5647345556998,339.73698155301014,392.4212554523594,51859000,32367500
2026-07-29,337.8985900878906,389.8061828613281,344.2730974331505,400.4960502148319,337.0593175600121,388.00954678983055,339.43727163464206,392.6607942930367,56090800,47209000
2026-07-30,333.1426696777344,450.2524108886719,334.4615395264105,457.8281459885008,329.30598233808786,431.6274684759506,332.8129674612056,437.07720086969465,74817800,110160700
2026-07-31,308.6438293457031,463.8468017578125,310.4222943774597,465.962813447145,299.7415030462749,448.4857046349594,304.54735603914753,449.1544591210436,132489100,60846000
2026-08-03,303.1585693359375,486.73370361328125,311.5313230344714,490.7261876465455,302.29929450581176,474.10747895013026,309.313234694189,475.2353605631651,75052000,66762100
2026-08-04,309.1134033203125,491.884033203125,310.1525156602479,498.50158065157444,301.0603512911937,478.2696778930625,302.46913991298527,479.99640781848416,68001000,50455500
2026-08-05,310.7320251464844,486.5440673828125,311.4414048335362,497.3038108374591,305.40663118634393,484.7674131728324,309.09342362565195,495.42733843271316,49438800,33388900
2026-08-06,312.14080810546875,498.9207458496094,316.0174696892129,500.61756372489685,308.96355554648414,487.60205742358346,314.06913775686996,487.6319998350186,46139900,36441500
2026-08-07,313.05999755859375,499.0505065917969,314.53873325457766,504.23075699317457,310.47223295908327,497.79289485093346,311.1816431226555,498.2719734340298,34437200,28846200
2026-08-10,308.260009765625,505.109130859375,308.260009765625,512.7647021753171,304.6099853515625,501.32624359045303,306.8299865722656,502.4940586092805,44812500,31206100
2026-08-11,304.9100036621094,502.86334228515625,309.9700012207031,504.38047525067043,302.7900085449219,498.61133704649393,307.75,503.3823542433026,37476700,23049800
2026-08-12,302.25,491.5047302246094,305.6600036621094,500.557695253814,300.57000732421875,490.59643643442394,305.1000061035156,499.0505227551261,41657800,29001500
2026-08-13,305.260009765625,495.9463806152344,306.0,500.3979918654044,302.04998779296875,492.0836571155829,304.2099914550781,492.34314786956145,40349300,23039000
2026-08-14,305.92999267578125,494.4691467285156,307.489990234375,499.07050046550256,304.29998779296875,492.991947114923,306.0,495.42733437790497,28229400,16217600
2026-08-17,305.5899963378906,479.44744873046875,307.6600036621094,491.73431632358415,302.94000244140625,477.51109147171053,306.2099914550781,489.21906226283284,38169300,29635800
2026-08-18,310.0299987792969,480.72503662109375,311.489990234375,483.36006030134655,305.739990234375,476.2534434403709,307.5799865722656,480.6352093836093,53424500,24087600
2026-08-19,316.8299865722656,483.3999938964844,319.2799987792969,488.3806080919379,309.6000061035156,478.4592826108848,310.1400146484375,479.16797047398614,50505600,19961900
2026-08-20,311.29998779296875,481.1499938964844,320.2799987792969,484.1600036621094,310.6499938964844,479.5,317.4599914550781,483.29998779296875,40959200,20020800
2026-08-21,309.3500061035156,483.239990234375,312.3800048828125,486.3599853515625,307.010009765625,478.5299987792969,312.04998779296875,479.8800048828125,46876800,22510800
2026-08-24,310.3399963378906,487.30999755859375,313.3599853515625,490.6099853515625,309.9700012207031,481.8599853515625,311.4700012207031,483.2099914550781,34673600,17230800
2026-08-25,309.8999938964844,491.7099914550781,313.5899963378906,492.44000244140625,308.2099914550781,484.29998779296875,310.7900085449219,485.44000244140625,25869800,19519000
2026-08-26,313.45001220703125,496.3699951171875,315.42999267578125,497.3999938964844,308.79998779296875,487.30999755859375,310.29998779296875,487.8500061035156,34024500,20758900
2026-08-27,314.5799865722656,505.05999755859375,315.3999938964844,506.4800109863281,309.3999938964844,490.0799865722656,310.54998779296875,494.8800048828125,32419200,28688800
2026-08-28,319.70001220703125,513.530029296875,322.3699951171875,517.780029296875,315.45001220703125,504.8699951171875,316.8500061035156,505.3299865722656,38649400,29207300
2026-08-31,316.8500061035156,507.2900085449219,321.239990234375,512.1900024414062,312.79998779296875,506.3900146484375,319.6000061035156,510.3800048828125,41242700,27208900
2026-09-01,325.1300048828125,501.0199890136719,327.29998779296875,505.9700012207031,314.7300109863281,496.7799987792969,316.9800109863281,497.5199890136719,53167400,21046900
2026-09-02,324.9599914550781,496.82000732421875,328.3999938964844,500.2699890136719,323.5299987792969,493.80999755859375,326.8699951171875,499.8500061035156,33776400,15336100
2026-09-03,328.2099914550781,510.1199951171875,330.80999755859375,515.6500244140625,324.1099853515625,500.79998779296875,324.8699951171875,501.6600036621094,37225800,24125900
2026-09-04,319.9700012207031,499.70001220703125,328.92999267578125,511.0,317.8599853515625,499.3599853515625,328.30999755859375,510.0,39606900,18101800
2026-09-08,316.2200012207031,493.95001220703125,320.70001220703125,495.19000244140625,314.8999938964844,490.1499938964844,317.1000061035156,493.010009765625,35477100,18882300
2026-09-09,315.3399963378906,491.6499938964844,319.1499938964844,494.3900146484375,309.8999938964844,489.79998779296875,315.489990234375,493.07000732421875,65640000,12889600
2026-09-10,326.57000732421875,492.44000244140625,326.739990234375,494.5199890136719,316.510009765625,486.0,316.6700134277344,488.32000732421875,70011900,16038800
2026-09-11,332.2699890136719,495.6300048828125,336.2200012207031,498.9700012207031,326.29998779296875,492.5799865722656,327.45001220703125,495.6499938964844,50716900,14510500
2026-09-14,333.0799865722656,505.4100036621094,335.5,509.95001220703125,331.3399963378906,495.3399963378906,334.7900085449219,497.05999755859375,39269100,23091900
2026-09-15,331.3399963378906,497.1199951171875,331.7799987792969,505.8999938964844,328.3500061035156,495.5400085449219,330.1400146484375,500.05999755859375,31748200,17794600
2026-09-16,332.4100036621094,490.29998779296875,335.4800109863281,495.9700012207031,330.70001220703125,487.2300109863281,332.5299987792969,493.0299987792969,35981000,16670300
2026-09-17,337.0,497.75,338.3399963378906,501.4700012207031,330.17999267578125,493.1700134277344,334.7699890136719,497.79998779296875,36700200,17841600
2026-09-18,336.1300048828125,493.7799987792969,338.489990234375,498.6499938964844,332.5299987792969,491.1000061035156,337.9100036621094,497.9700012207031,86588200,39622300
2026-09-21,338.9800109863281,501.6099853515625,339.6400146484375,501.8699951171875,333.04998779296875,491.3299865722656,335.2799987792969,494.95001220703125,34999200,27959900
2026-09-22,339.75,498.0,345.3399963378906,508.5,338.75,493.6499938964844,340.1400146484375,507.32000732421875,40711800,21652800
2026-09-23,337.0199890136719,500.5899963378906,341.79998779296875,509.44000244140625,335.5,495.8800048828125,341.0799865722656,500.760009765625,31658800,19445600
2026-09-24,335.9200134277344,497.92999267578125,338.9100036621094,498.8999938964844,334.29998779296875,491.2200012207031,336.7200012207031,495.07000732421875,24733100,16657600
2026-09-25,341.07000732421875,516.1699829101562,341.6700134277344,519.4000244140625,334.5299987792969,497.25,336.0400085449219,499.0400085449219,30002500,38193100
2026-09-28,338.3999938964844,509.2200012207031,342.989990234375,513.3300170898438,338.0400085449219,502.2200012207031,340.3699951171875,505.4700012207031,32820800,19626900
2026-09-29,329.3999938964844,508.9599914550781,337.0899963378906,513.6400146484375,328.70001220703125,502.3999938964844,336.9700012207031,508.30999755859375,38478000,21341800
2026-09-30,333.0199890136719,512.9000244140625,339.5,519.8300170898438,330.1400146484375,510.30999755859375,330.79998779296875,511.6099853515625,49988600,27223300
2026-10-01,330.32000732421875,512.7999877929688,332.4800109863281,522.8499755859375,325.80999755859375,512.1699829101562,330.0,519.8800048828125,36306300,19731900
2026-10-02,333.69000244140625,517.530029296875,334.5400085449219,522.5,330.6099853515625,513.6599731445312,333.260009765625,519.3900146484375,33278600,17822300
2026-10-05,332.8900146484375,525.1799926757812,336.2099914550781,532.3499755859375,331.6499938964844,521.469970703125,332.82000732421875,521.6199951171875,34400900,26604800
2026-10-06,333.6300048828125,529.2999877929688,334.3800048828125,535.6900024414062,330.6199951171875,528.780029296875,332.2799987792969,531.6799926757812,30425700,21092600
