Price,Close,High,Low,Open,Volume
Ticker,TSLA,TSLA,TSLA,TSLA,TSLA
Date,,,,,
2026-08-03,322.0799865722656,324.6499938964844,310.42999267578125,310.9599914550781,38281400
2026-08-04,327.3500061035156,329.57000732421875,320.7900085449219,324.0,33318300
2026-08-05,321.54998779296875,327.1400146484375,320.2799987792969,323.4200134277344,27820800
2026-08-06,319.5299987792969,323.0,315.5199890136719,317.04998779296875,26033800
2026-08-07,328.5799865722656,333.7300109863281,321.25,322.3399963378906,39492300
2026-08-10,330.8800048828125,332.04998779296875,326.1499938964844,326.6000061035156,25003800
2026-08-11,332.80999755859375,336.20001220703125,329.5299987792969,332.79998779296875,23345200
2026-08-12,327.510009765625,335.5,323.6400146484375,335.0,28698900
2026-08-13,339.9599914550781,341.6400146484375,325.239990234375,327.20001220703125,34708300
2026-08-14,342.2699890136719,351.260009765625,335.3299865722656,342.3299865722656,45437100
2026-08-17,339.29998779296875,345.45001220703125,337.4800109863281,340.69000244140625,26037100
2026-08-18,336.8699951171875,340.5299987792969,331.1199951171875,333.2200012207031,27994500
2026-08-19,351.1199951171875,351.6199951171875,335.70001220703125,338.8900146484375,36735400
2026-08-20,345.1300048828125,347.5,338.9599914550781,346.20001220703125,30766400
2026-08-21,362.8599853515625,366.5,346.8999938964844,349.8800048828125,59224000
2026-08-24,348.95001220703125,363.239990234375,348.260009765625,361.4100036621094,39190500
2026-08-25,350.25,357.0,349.20001220703125,349.5799865722656,29816700
2026-08-26,345.82000732421875,351.92999267578125,342.5299987792969,345.2699890136719,28573000
2026-08-27,354.80999755859375,355.739990234375,345.45001220703125,346.1600036621094,30136200
2026-08-28,348.75,358.79998779296875,345.20001220703125,357.1000061035156,32972200
2026-08-31,367.95001220703125,368.9200134277344,347.1499938964844,347.2099914550781,61732300
2026-09-01,356.0899963378906,362.70001220703125,352.9599914550781,360.8999938964844,36193900
2026-09-02,357.010009765625,360.6199951171875,349.9200134277344,360.4100036621094,33951900
2026-09-03,376.3699951171875,384.0400085449219,365.82000732421875,365.82000732421875,63601000
2026-09-04,354.0799865722656,364.69000244140625,351.32000732421875,362.07000732421875,65018200
2026-09-08,368.1600036621094,370.0,355.75,357.1000061035156,51078800
2026-09-09,367.80999755859375,375.44000244140625,366.0,368.25,32564300
2026-09-10,363.55999755859375,369.2099914550781,357.67999267578125,360.6000061035156,29667200
2026-09-11,365.44000244140625,368.6600036621094,361.6000061035156,364.20001220703125,30153000
2026-09-14,358.9700012207031,367.7300109863281,357.0400085449219,359.7799987792969,32477200
2026-09-15,356.5799865722656,362.3900146484375,354.04998779296875,358.75,30317700
2026-09-16,358.0799865722656,365.1000061035156,354.8900146484375,357.92999267578125,32177400
2026-09-17,366.20001220703125,374.1199951171875,363.2200012207031,367.4800109863281,38924100
2026-09-18,364.2699890136719,370.8999938964844,360.75,369.0,51922300
2026-09-21,375.29998779296875,378.3599853515625,371.07000732421875,371.6400146484375,36599600
2026-09-22,378.8999938964844,380.4200134277344,372.8800048828125,379.07000732421875,28229900
2026-09-23,380.1199951171875,386.70001220703125,377.5799865722656,380.1000061035156,33522500
2026-09-24,377.94000244140625,383.3299865722656,375.70001220703125,377.3500061035156,26165700
2026-09-25,372.1099853515625,386.8299865722656,367.6700134277344,384.6199951171875,45999500
2026-09-28,357.45001220703125,369.42999267578125,356.79998779296875,368.05999755859375,39452900
2026-09-29,352.8399963378906,358.739990234375,351.6700134277344,358.3999938964844,32492400
2026-09-30,354.80999755859375,355.2200012207031,345.8800048828125,352.1099853515625,39235800
2026-10-01,354.1099853515625,359.7900085449219,353.79998779296875,356.80999755859375,31080800
2026-10-02,370.5899963378906,374.6000061035156,359.4100036621094,360.0799865722656,55242800
